<core:FragmentDefinition xmlns:core="sap.ui.core"
	xmlns:upload="sap.m.upload"
	xmlns="sap.m"
	xmlns:macros="sap.fe.macros">
	<VBox core:require="{ handler: 'trialposgre/ext/fragment/Attachments'}">
		<Button text="Attachments" press="handler.onPress" />
		<upload:UploadSet id="uploadSet" afterItemAdded="handler.onAfterItemAdded" uploadCompleted="handler.onUploadCompleted" instantUpload="false" uploadEnabled="true" uploadUrl="/odata/v4/catalog/Files" items="{
								path: '/Files',
								parameters: {
									$orderby: 'createdAt desc'
								},
								templateShareable: false}">
			<upload:toolbar>
			</upload:toolbar>
			<upload:items>
				<upload:UploadSetItem fileName="{fileName}" mediaType="{mediaType}" url="{url}" enabledEdit="false" visibleEdit="false" openPressed="handler.onOpenPressed">
					<upload:attributes>
						<ObjectAttribute title="Uploaded By" text="{createdBy}" active="false" />
						<ObjectAttribute title="Uploaded on" text="{createdAt}" active="false" />
						<ObjectAttribute title="File Size" text="{size}" active="false" />
					</upload:attributes>
				</upload:UploadSetItem>
			</upload:items>
		</upload:UploadSet>
	</VBox>
</core:FragmentDefinition>